id,name,email,age,timestamp
1,John Doe,johndoe@example.com,30,2024-03-26T08:00:00Z
2,Jane Smith,janesmith@example.com,28,2024-03-26T08:15:00Z
3,Michael Johnson,michaeljohnson@example.com,35,2024-03-26T08:30:00Z
4,Emily Brown,emilybrown@example.com,32,2024-03-26T08:45:00Z
5,David Wilson,davidwilson@example.com,40,2024-03-26T09:00:00Z
6,Sarah Taylor,sarahtaylor@example.com,27,2024-03-26T09:15:00Z
7,James Anderson,jamesanderson@example.com,45,2024-03-26T09:30:00Z
8,Olivia Martinez,oliviamartinez@example.com,33,2024-03-26T09:45:00Z
9,Alexander Lee,alexanderlee@example.com,29,2024-03-26T10:00:00Z
10,Emma Garcia,emmagarcia@example.com,31,2024-03-26T10:15:00Z